[{"model": "admin.logentry", "pk": 1, "fields": {"action_time": "2021-09-11T09:07:02.329Z", "user": 1, "content_type": 13, "object_id": "1", "object_repr": "coffee_beans", "action_flag": 1, "change_message": "[{\"added\": {}}]"}}, {"model": "admin.logentry", "pk": 2, "fields": {"action_time": "2021-09-11T09:07:22.122Z", "user": 1, "content_type": 13, "object_id": "2", "object_repr": "memberships", "action_flag": 1, "change_message": "[{\"added\": {}}]"}}, {"model": "admin.logentry", "pk": 3, "fields": {"action_time": "2021-09-11T09:07:31.362Z", "user": 1, "content_type": 13, "object_id": "3", "object_repr": "brewers", "action_flag": 1, "change_message": "[{\"added\": {}}]"}}, {"model": "admin.logentry", "pk": 4, "fields": {"action_time": "2021-09-11T09:07:37.910Z", "user": 1, "content_type": 13, "object_id": "4", "object_repr": "accessories", "action_flag": 1, "change_message": "[{\"added\": {}}]"}}, {"model": "admin.logentry", "pk": 5, "fields": {"action_time": "2021-09-11T09:08:36.374Z", "user": 1, "content_type": 15, "object_id": "1", "object_repr": "coffee-beans", "action_flag": 1, "change_message": "[{\"added\": {}}]"}}, {"model": "admin.logentry", "pk": 6, "fields": {"action_time": "2021-09-11T09:08:40.804Z", "user": 1, "content_type": 14, "object_id": "1", "object_repr": "Recanto dos Tucanos 250g", "action_flag": 1, "change_message": "[{\"added\": {}}]"}}, {"model": "admin.logentry", "pk": 7, "fields": {"action_time": "2021-09-11T09:09:04.715Z", "user": 1, "content_type": 15, "object_id": "2", "object_repr": "brewers", "action_flag": 1, "change_message": "[{\"added\": {}}]"}}, {"model": "admin.logentry", "pk": 8, "fields": {"action_time": "2021-09-11T09:09:12.116Z", "user": 1, "content_type": 14, "object_id": "2", "object_repr": "Hario V60 Brewer", "action_flag": 1, "change_message": "[{\"added\": {}}]"}}, {"model": "admin.logentry", "pk": 9, "fields": {"action_time": "2021-09-11T09:09:36.965Z", "user": 1, "content_type": 15, "object_id": "3", "object_repr": "hand_grinders", "action_flag": 1, "change_message": "[{\"added\": {}}]"}}, {"model": "admin.logentry", "pk": 10, "fields": {"action_time": "2021-09-11T09:09:44.409Z", "user": 1, "content_type": 14, "object_id": "3", "object_repr": "Timemore Chestnut Hand Grinder", "action_flag": 1, "change_message": "[{\"added\": {}}]"}}, {"model": "admin.logentry", "pk": 11, "fields": {"action_time": "2021-09-11T09:10:11.328Z", "user": 1, "content_type": 15, "object_id": "4", "object_repr": "memberships", "action_flag": 1, "change_message": "[{\"added\": {}}]"}}, {"model": "admin.logentry", "pk": 12, "fields": {"action_time": "2021-09-11T09:10:21.954Z", "user": 1, "content_type": 14, "object_id": "4", "object_repr": "Piratini Membership Card", "action_flag": 1, "change_message": "[{\"added\": {}}]"}}, {"model": "admin.logentry", "pk": 13, "fields": {"action_time": "2021-09-11T09:15:33.477Z", "user": 1, "content_type": 14, "object_id": "4", "object_repr": "Piratini Membership Card", "action_flag": 3, "change_message": ""}}, {"model": "admin.logentry", "pk": 14, "fields": {"action_time": "2021-09-11T09:15:57.324Z", "user": 1, "content_type": 16, "object_id": "5", "object_repr": "Piratini Membership Card", "action_flag": 1, "change_message": "[{\"added\": {}}]"}}, {"model": "admin.logentry", "pk": 15, "fields": {"action_time": "2021-09-11T09:25:57.385Z", "user": 1, "content_type": 14, "object_id": "1", "object_repr": "Recanto dos Tucanos 250g", "action_flag": 2, "change_message": "[{\"changed\": {\"fields\": [\"Image\"]}}]"}}, {"model": "admin.logentry", "pk": 16, "fields": {"action_time": "2021-09-11T11:15:16.141Z", "user": 1, "content_type": 19, "object_id": "1", "object_repr": "CODE01", "action_flag": 1, "change_message": "[{\"added\": {}}]"}}, {"model": "admin.logentry", "pk": 17, "fields": {"action_time": "2021-09-12T14:28:26.854Z", "user": 1, "content_type": 19, "object_id": "2", "object_repr": "CODE02", "action_flag": 1, "change_message": "[{\"added\": {}}]"}}, {"model": "admin.logentry", "pk": 18, "fields": {"action_time": "2021-09-13T16:28:18.280Z", "user": 1, "content_type": 4, "object_id": "2", "object_repr": "vinnie.ordobas@shopify.com", "action_flag": 2, "change_message": "[{\"changed\": {\"fields\": [\"Username\", \"First name\", \"Last name\"]}}]"}}, {"model": "admin.logentry", "pk": 19, "fields": {"action_time": "2021-09-14T08:40:26.246Z", "user": 1, "content_type": 4, "object_id": "3", "object_repr": "test_user", "action_flag": 2, "change_message": "[{\"changed\": {\"fields\": [\"First name\", \"Last name\"]}}]"}}, {"model": "admin.logentry", "pk": 20, "fields": {"action_time": "2021-09-14T09:26:08.308Z", "user": 1, "content_type": 17, "object_id": "27", "object_repr": "42F596BB8594423FBEDD2F0FD7C41887", "action_flag": 3, "change_message": ""}}, {"model": "admin.logentry", "pk": 21, "fields": {"action_time": "2021-09-14T09:26:08.341Z", "user": 1, "content_type": 17, "object_id": "26", "object_repr": "6090299C783F40DDBE35F3DC02475AA3", "action_flag": 3, "change_message": ""}}, {"model": "admin.logentry", "pk": 22, "fields": {"action_time": "2021-09-14T09:26:08.371Z", "user": 1, "content_type": 17, "object_id": "25", "object_repr": "A0056D68ABD34B7783D92BCB68277FC3", "action_flag": 3, "change_message": ""}}, {"model": "admin.logentry", "pk": 23, "fields": {"action_time": "2021-09-14T09:26:08.399Z", "user": 1, "content_type": 17, "object_id": "24", "object_repr": "A4B28F39EDD247908905421D16124CE9", "action_flag": 3, "change_message": ""}}, {"model": "admin.logentry", "pk": 24, "fields": {"action_time": "2021-09-14T09:26:08.427Z", "user": 1, "content_type": 17, "object_id": "23", "object_repr": "9D302D0A7EE1447792480DBFB58A4D40", "action_flag": 3, "change_message": ""}}, {"model": "admin.logentry", "pk": 25, "fields": {"action_time": "2021-09-14T09:26:08.452Z", "user": 1, "content_type": 17, "object_id": "22", "object_repr": "D7088A7CEF104A52A16685D3D18F5124", "action_flag": 3, "change_message": ""}}, {"model": "admin.logentry", "pk": 26, "fields": {"action_time": "2021-09-14T09:26:08.482Z", "user": 1, "content_type": 17, "object_id": "21", "object_repr": "E14C78BC57254B3682D1DED99C03B9E6", "action_flag": 3, "change_message": ""}}, {"model": "admin.logentry", "pk": 27, "fields": {"action_time": "2021-09-14T09:26:08.507Z", "user": 1, "content_type": 17, "object_id": "20", "object_repr": "9FD6EC547D814B678746A1E8A1F4A23B", "action_flag": 3, "change_message": ""}}, {"model": "admin.logentry", "pk": 28, "fields": {"action_time": "2021-09-14T09:26:08.534Z", "user": 1, "content_type": 17, "object_id": "19", "object_repr": "66AF38394F9A4F9C9FED5F8DB8C50332", "action_flag": 3, "change_message": ""}}, {"model": "admin.logentry", "pk": 29, "fields": {"action_time": "2021-09-14T09:26:08.560Z", "user": 1, "content_type": 17, "object_id": "18", "object_repr": "E96709BFF9BF4E88B9454A8BB2B0B1E2", "action_flag": 3, "change_message": ""}}, {"model": "admin.logentry", "pk": 30, "fields": {"action_time": "2021-09-14T09:26:08.588Z", "user": 1, "content_type": 17, "object_id": "17", "object_repr": "F459DF82CB6D4802BA98A958757C1784", "action_flag": 3, "change_message": ""}}, {"model": "admin.logentry", "pk": 31, "fields": {"action_time": "2021-09-14T09:26:08.616Z", "user": 1, "content_type": 17, "object_id": "16", "object_repr": "1C9EC38F8DE7492EB05A9CFE21B46B11", "action_flag": 3, "change_message": ""}}, {"model": "admin.logentry", "pk": 32, "fields": {"action_time": "2021-09-14T09:26:08.642Z", "user": 1, "content_type": 17, "object_id": "15", "object_repr": "BE02C9EE47C746EF8C89566BE26BBD96", "action_flag": 3, "change_message": ""}}, {"model": "admin.logentry", "pk": 33, "fields": {"action_time": "2021-09-14T09:26:08.664Z", "user": 1, "content_type": 17, "object_id": "14", "object_repr": "2F989C7E82AB4EF09DD401F93E58C962", "action_flag": 3, "change_message": ""}}, {"model": "admin.logentry", "pk": 34, "fields": {"action_time": "2021-09-14T09:26:08.691Z", "user": 1, "content_type": 17, "object_id": "13", "object_repr": "545A36CCB33C4E01AE8970DAE581FEF5", "action_flag": 3, "change_message": ""}}, {"model": "admin.logentry", "pk": 35, "fields": {"action_time": "2021-09-14T09:26:08.718Z", "user": 1, "content_type": 17, "object_id": "12", "object_repr": "406CDE0E6EE14DAFBA0DCD30FCEDC043", "action_flag": 3, "change_message": ""}}, {"model": "admin.logentry", "pk": 36, "fields": {"action_time": "2021-09-14T09:26:08.744Z", "user": 1, "content_type": 17, "object_id": "11", "object_repr": "E578772613274BEC91B0F34B18FFEDF5", "action_flag": 3, "change_message": ""}}, {"model": "admin.logentry", "pk": 37, "fields": {"action_time": "2021-09-14T09:26:08.772Z", "user": 1, "content_type": 17, "object_id": "10", "object_repr": "B6C4C910D4AA4CBCA1FCE59E8C0123DF", "action_flag": 3, "change_message": ""}}, {"model": "admin.logentry", "pk": 38, "fields": {"action_time": "2021-09-14T09:26:08.801Z", "user": 1, "content_type": 17, "object_id": "9", "object_repr": "D3176A3AE19741EFA888B4CF4212FEFA", "action_flag": 3, "change_message": ""}}, {"model": "admin.logentry", "pk": 39, "fields": {"action_time": "2021-09-14T09:26:08.829Z", "user": 1, "content_type": 17, "object_id": "8", "object_repr": "6515E00747C74AD68644B1609081619F", "action_flag": 3, "change_message": ""}}, {"model": "admin.logentry", "pk": 40, "fields": {"action_time": "2021-09-14T09:26:08.857Z", "user": 1, "content_type": 17, "object_id": "7", "object_repr": "6C5B6838CB5049D8BC5D8BB1387B7CA5", "action_flag": 3, "change_message": ""}}, {"model": "admin.logentry", "pk": 41, "fields": {"action_time": "2021-09-14T09:26:08.882Z", "user": 1, "content_type": 17, "object_id": "6", "object_repr": "2D83DF38B30347FB9CDDE5D16798308D", "action_flag": 3, "change_message": ""}}, {"model": "admin.logentry", "pk": 42, "fields": {"action_time": "2021-09-14T09:26:08.905Z", "user": 1, "content_type": 17, "object_id": "5", "object_repr": "917EF105A5164ECFA3AE62F6EC4816FF", "action_flag": 3, "change_message": ""}}, {"model": "admin.logentry", "pk": 43, "fields": {"action_time": "2021-09-14T09:26:08.929Z", "user": 1, "content_type": 17, "object_id": "4", "object_repr": "577836AADA454B1A8D774D3A5ADBEE18", "action_flag": 3, "change_message": ""}}, {"model": "admin.logentry", "pk": 44, "fields": {"action_time": "2021-09-14T09:26:08.952Z", "user": 1, "content_type": 17, "object_id": "3", "object_repr": "827976FC526D49F89CDEC5A2F9C8C23B", "action_flag": 3, "change_message": ""}}, {"model": "admin.logentry", "pk": 45, "fields": {"action_time": "2021-09-14T09:26:08.975Z", "user": 1, "content_type": 17, "object_id": "2", "object_repr": "39D006F5FD9D45238A0D5BDAC4DB4159", "action_flag": 3, "change_message": ""}}, {"model": "admin.logentry", "pk": 46, "fields": {"action_time": "2021-09-14T09:26:09.000Z", "user": 1, "content_type": 17, "object_id": "1", "object_repr": "6B2A75DCC3AF4E70B1ED60DBC4E38126", "action_flag": 3, "change_message": ""}}, {"model": "admin.logentry", "pk": 47, "fields": {"action_time": "2021-09-14T09:27:22.462Z", "user": 1, "content_type": 17, "object_id": "27", "object_repr": "42F596BB8594423FBEDD2F0FD7C41887", "action_flag": 3, "change_message": ""}}, {"model": "admin.logentry", "pk": 48, "fields": {"action_time": "2021-09-14T09:27:22.497Z", "user": 1, "content_type": 17, "object_id": "26", "object_repr": "6090299C783F40DDBE35F3DC02475AA3", "action_flag": 3, "change_message": ""}}, {"model": "admin.logentry", "pk": 49, "fields": {"action_time": "2021-09-14T09:27:22.529Z", "user": 1, "content_type": 17, "object_id": "25", "object_repr": "A0056D68ABD34B7783D92BCB68277FC3", "action_flag": 3, "change_message": ""}}, {"model": "admin.logentry", "pk": 50, "fields": {"action_time": "2021-09-14T09:27:22.561Z", "user": 1, "content_type": 17, "object_id": "24", "object_repr": "A4B28F39EDD247908905421D16124CE9", "action_flag": 3, "change_message": ""}}, {"model": "admin.logentry", "pk": 51, "fields": {"action_time": "2021-09-14T09:27:22.593Z", "user": 1, "content_type": 17, "object_id": "23", "object_repr": "9D302D0A7EE1447792480DBFB58A4D40", "action_flag": 3, "change_message": ""}}, {"model": "admin.logentry", "pk": 52, "fields": {"action_time": "2021-09-14T09:27:22.624Z", "user": 1, "content_type": 17, "object_id": "22", "object_repr": "D7088A7CEF104A52A16685D3D18F5124", "action_flag": 3, "change_message": ""}}, {"model": "admin.logentry", "pk": 53, "fields": {"action_time": "2021-09-14T09:27:22.654Z", "user": 1, "content_type": 17, "object_id": "21", "object_repr": "E14C78BC57254B3682D1DED99C03B9E6", "action_flag": 3, "change_message": ""}}, {"model": "admin.logentry", "pk": 54, "fields": {"action_time": "2021-09-14T09:27:22.689Z", "user": 1, "content_type": 17, "object_id": "20", "object_repr": "9FD6EC547D814B678746A1E8A1F4A23B", "action_flag": 3, "change_message": ""}}, {"model": "admin.logentry", "pk": 55, "fields": {"action_time": "2021-09-14T09:27:22.720Z", "user": 1, "content_type": 17, "object_id": "19", "object_repr": "66AF38394F9A4F9C9FED5F8DB8C50332", "action_flag": 3, "change_message": ""}}, {"model": "admin.logentry", "pk": 56, "fields": {"action_time": "2021-09-14T09:27:22.760Z", "user": 1, "content_type": 17, "object_id": "18", "object_repr": "E96709BFF9BF4E88B9454A8BB2B0B1E2", "action_flag": 3, "change_message": ""}}, {"model": "admin.logentry", "pk": 57, "fields": {"action_time": "2021-09-14T09:27:22.788Z", "user": 1, "content_type": 17, "object_id": "17", "object_repr": "F459DF82CB6D4802BA98A958757C1784", "action_flag": 3, "change_message": ""}}, {"model": "admin.logentry", "pk": 58, "fields": {"action_time": "2021-09-14T09:27:22.816Z", "user": 1, "content_type": 17, "object_id": "16", "object_repr": "1C9EC38F8DE7492EB05A9CFE21B46B11", "action_flag": 3, "change_message": ""}}, {"model": "admin.logentry", "pk": 59, "fields": {"action_time": "2021-09-14T09:27:22.844Z", "user": 1, "content_type": 17, "object_id": "15", "object_repr": "BE02C9EE47C746EF8C89566BE26BBD96", "action_flag": 3, "change_message": ""}}, {"model": "admin.logentry", "pk": 60, "fields": {"action_time": "2021-09-14T09:27:22.874Z", "user": 1, "content_type": 17, "object_id": "14", "object_repr": "2F989C7E82AB4EF09DD401F93E58C962", "action_flag": 3, "change_message": ""}}, {"model": "admin.logentry", "pk": 61, "fields": {"action_time": "2021-09-14T09:27:22.899Z", "user": 1, "content_type": 17, "object_id": "13", "object_repr": "545A36CCB33C4E01AE8970DAE581FEF5", "action_flag": 3, "change_message": ""}}, {"model": "admin.logentry", "pk": 62, "fields": {"action_time": "2021-09-14T09:27:22.925Z", "user": 1, "content_type": 17, "object_id": "12", "object_repr": "406CDE0E6EE14DAFBA0DCD30FCEDC043", "action_flag": 3, "change_message": ""}}, {"model": "admin.logentry", "pk": 63, "fields": {"action_time": "2021-09-14T09:27:22.951Z", "user": 1, "content_type": 17, "object_id": "11", "object_repr": "E578772613274BEC91B0F34B18FFEDF5", "action_flag": 3, "change_message": ""}}, {"model": "admin.logentry", "pk": 64, "fields": {"action_time": "2021-09-14T09:27:22.976Z", "user": 1, "content_type": 17, "object_id": "10", "object_repr": "B6C4C910D4AA4CBCA1FCE59E8C0123DF", "action_flag": 3, "change_message": ""}}, {"model": "admin.logentry", "pk": 65, "fields": {"action_time": "2021-09-14T09:27:23.002Z", "user": 1, "content_type": 17, "object_id": "9", "object_repr": "D3176A3AE19741EFA888B4CF4212FEFA", "action_flag": 3, "change_message": ""}}, {"model": "admin.logentry", "pk": 66, "fields": {"action_time": "2021-09-14T09:27:23.031Z", "user": 1, "content_type": 17, "object_id": "8", "object_repr": "6515E00747C74AD68644B1609081619F", "action_flag": 3, "change_message": ""}}, {"model": "admin.logentry", "pk": 67, "fields": {"action_time": "2021-09-14T09:27:23.057Z", "user": 1, "content_type": 17, "object_id": "7", "object_repr": "6C5B6838CB5049D8BC5D8BB1387B7CA5", "action_flag": 3, "change_message": ""}}, {"model": "admin.logentry", "pk": 68, "fields": {"action_time": "2021-09-14T09:27:23.105Z", "user": 1, "content_type": 17, "object_id": "6", "object_repr": "2D83DF38B30347FB9CDDE5D16798308D", "action_flag": 3, "change_message": ""}}, {"model": "admin.logentry", "pk": 69, "fields": {"action_time": "2021-09-14T09:27:23.209Z", "user": 1, "content_type": 17, "object_id": "5", "object_repr": "917EF105A5164ECFA3AE62F6EC4816FF", "action_flag": 3, "change_message": ""}}, {"model": "admin.logentry", "pk": 70, "fields": {"action_time": "2021-09-14T09:27:23.285Z", "user": 1, "content_type": 17, "object_id": "4", "object_repr": "577836AADA454B1A8D774D3A5ADBEE18", "action_flag": 3, "change_message": ""}}, {"model": "admin.logentry", "pk": 71, "fields": {"action_time": "2021-09-14T09:27:23.314Z", "user": 1, "content_type": 17, "object_id": "3", "object_repr": "827976FC526D49F89CDEC5A2F9C8C23B", "action_flag": 3, "change_message": ""}}, {"model": "admin.logentry", "pk": 72, "fields": {"action_time": "2021-09-14T09:27:23.341Z", "user": 1, "content_type": 17, "object_id": "2", "object_repr": "39D006F5FD9D45238A0D5BDAC4DB4159", "action_flag": 3, "change_message": ""}}, {"model": "admin.logentry", "pk": 73, "fields": {"action_time": "2021-09-14T09:27:23.368Z", "user": 1, "content_type": 17, "object_id": "1", "object_repr": "6B2A75DCC3AF4E70B1ED60DBC4E38126", "action_flag": 3, "change_message": ""}}, {"model": "admin.logentry", "pk": 74, "fields": {"action_time": "2021-09-14T09:28:06.768Z", "user": 1, "content_type": 17, "object_id": "27", "object_repr": "42F596BB8594423FBEDD2F0FD7C41887", "action_flag": 3, "change_message": ""}}, {"model": "admin.logentry", "pk": 75, "fields": {"action_time": "2021-09-14T09:28:06.799Z", "user": 1, "content_type": 17, "object_id": "26", "object_repr": "6090299C783F40DDBE35F3DC02475AA3", "action_flag": 3, "change_message": ""}}, {"model": "admin.logentry", "pk": 76, "fields": {"action_time": "2021-09-14T09:28:06.826Z", "user": 1, "content_type": 17, "object_id": "25", "object_repr": "A0056D68ABD34B7783D92BCB68277FC3", "action_flag": 3, "change_message": ""}}, {"model": "admin.logentry", "pk": 77, "fields": {"action_time": "2021-09-14T09:28:06.852Z", "user": 1, "content_type": 17, "object_id": "24", "object_repr": "A4B28F39EDD247908905421D16124CE9", "action_flag": 3, "change_message": ""}}, {"model": "admin.logentry", "pk": 78, "fields": {"action_time": "2021-09-14T09:28:06.883Z", "user": 1, "content_type": 17, "object_id": "23", "object_repr": "9D302D0A7EE1447792480DBFB58A4D40", "action_flag": 3, "change_message": ""}}, {"model": "admin.logentry", "pk": 79, "fields": {"action_time": "2021-09-14T09:28:06.913Z", "user": 1, "content_type": 17, "object_id": "22", "object_repr": "D7088A7CEF104A52A16685D3D18F5124", "action_flag": 3, "change_message": ""}}, {"model": "admin.logentry", "pk": 80, "fields": {"action_time": "2021-09-14T09:28:06.941Z", "user": 1, "content_type": 17, "object_id": "21", "object_repr": "E14C78BC57254B3682D1DED99C03B9E6", "action_flag": 3, "change_message": ""}}, {"model": "admin.logentry", "pk": 81, "fields": {"action_time": "2021-09-14T09:28:06.969Z", "user": 1, "content_type": 17, "object_id": "20", "object_repr": "9FD6EC547D814B678746A1E8A1F4A23B", "action_flag": 3, "change_message": ""}}, {"model": "admin.logentry", "pk": 82, "fields": {"action_time": "2021-09-14T09:28:06.997Z", "user": 1, "content_type": 17, "object_id": "19", "object_repr": "66AF38394F9A4F9C9FED5F8DB8C50332", "action_flag": 3, "change_message": ""}}, {"model": "admin.logentry", "pk": 83, "fields": {"action_time": "2021-09-14T09:28:07.027Z", "user": 1, "content_type": 17, "object_id": "18", "object_repr": "E96709BFF9BF4E88B9454A8BB2B0B1E2", "action_flag": 3, "change_message": ""}}, {"model": "admin.logentry", "pk": 84, "fields": {"action_time": "2021-09-14T09:28:07.057Z", "user": 1, "content_type": 17, "object_id": "17", "object_repr": "F459DF82CB6D4802BA98A958757C1784", "action_flag": 3, "change_message": ""}}, {"model": "admin.logentry", "pk": 85, "fields": {"action_time": "2021-09-14T09:28:07.087Z", "user": 1, "content_type": 17, "object_id": "16", "object_repr": "1C9EC38F8DE7492EB05A9CFE21B46B11", "action_flag": 3, "change_message": ""}}, {"model": "admin.logentry", "pk": 86, "fields": {"action_time": "2021-09-14T09:28:07.117Z", "user": 1, "content_type": 17, "object_id": "15", "object_repr": "BE02C9EE47C746EF8C89566BE26BBD96", "action_flag": 3, "change_message": ""}}, {"model": "admin.logentry", "pk": 87, "fields": {"action_time": "2021-09-14T09:28:07.148Z", "user": 1, "content_type": 17, "object_id": "14", "object_repr": "2F989C7E82AB4EF09DD401F93E58C962", "action_flag": 3, "change_message": ""}}, {"model": "admin.logentry", "pk": 88, "fields": {"action_time": "2021-09-14T09:28:07.176Z", "user": 1, "content_type": 17, "object_id": "13", "object_repr": "545A36CCB33C4E01AE8970DAE581FEF5", "action_flag": 3, "change_message": ""}}, {"model": "admin.logentry", "pk": 89, "fields": {"action_time": "2021-09-14T09:28:07.207Z", "user": 1, "content_type": 17, "object_id": "12", "object_repr": "406CDE0E6EE14DAFBA0DCD30FCEDC043", "action_flag": 3, "change_message": ""}}, {"model": "admin.logentry", "pk": 90, "fields": {"action_time": "2021-09-14T09:28:07.234Z", "user": 1, "content_type": 17, "object_id": "11", "object_repr": "E578772613274BEC91B0F34B18FFEDF5", "action_flag": 3, "change_message": ""}}, {"model": "admin.logentry", "pk": 91, "fields": {"action_time": "2021-09-14T09:28:07.262Z", "user": 1, "content_type": 17, "object_id": "10", "object_repr": "B6C4C910D4AA4CBCA1FCE59E8C0123DF", "action_flag": 3, "change_message": ""}}, {"model": "admin.logentry", "pk": 92, "fields": {"action_time": "2021-09-14T09:28:07.292Z", "user": 1, "content_type": 17, "object_id": "9", "object_repr": "D3176A3AE19741EFA888B4CF4212FEFA", "action_flag": 3, "change_message": ""}}, {"model": "admin.logentry", "pk": 93, "fields": {"action_time": "2021-09-14T09:28:07.321Z", "user": 1, "content_type": 17, "object_id": "8", "object_repr": "6515E00747C74AD68644B1609081619F", "action_flag": 3, "change_message": ""}}, {"model": "admin.logentry", "pk": 94, "fields": {"action_time": "2021-09-14T09:28:07.348Z", "user": 1, "content_type": 17, "object_id": "7", "object_repr": "6C5B6838CB5049D8BC5D8BB1387B7CA5", "action_flag": 3, "change_message": ""}}, {"model": "admin.logentry", "pk": 95, "fields": {"action_time": "2021-09-14T09:28:07.383Z", "user": 1, "content_type": 17, "object_id": "6", "object_repr": "2D83DF38B30347FB9CDDE5D16798308D", "action_flag": 3, "change_message": ""}}, {"model": "admin.logentry", "pk": 96, "fields": {"action_time": "2021-09-14T09:28:07.410Z", "user": 1, "content_type": 17, "object_id": "5", "object_repr": "917EF105A5164ECFA3AE62F6EC4816FF", "action_flag": 3, "change_message": ""}}, {"model": "admin.logentry", "pk": 97, "fields": {"action_time": "2021-09-14T09:28:07.435Z", "user": 1, "content_type": 17, "object_id": "4", "object_repr": "577836AADA454B1A8D774D3A5ADBEE18", "action_flag": 3, "change_message": ""}}, {"model": "admin.logentry", "pk": 98, "fields": {"action_time": "2021-09-14T09:28:07.460Z", "user": 1, "content_type": 17, "object_id": "3", "object_repr": "827976FC526D49F89CDEC5A2F9C8C23B", "action_flag": 3, "change_message": ""}}, {"model": "admin.logentry", "pk": 99, "fields": {"action_time": "2021-09-14T09:28:07.489Z", "user": 1, "content_type": 17, "object_id": "2", "object_repr": "39D006F5FD9D45238A0D5BDAC4DB4159", "action_flag": 3, "change_message": ""}}, {"model": "admin.logentry", "pk": 100, "fields": {"action_time": "2021-09-14T09:28:07.518Z", "user": 1, "content_type": 17, "object_id": "1", "object_repr": "6B2A75DCC3AF4E70B1ED60DBC4E38126", "action_flag": 3, "change_message": ""}}, {"model": "admin.logentry", "pk": 101, "fields": {"action_time": "2021-09-14T09:29:29.129Z", "user": 1, "content_type": 17, "object_id": "27", "object_repr": "42F596BB8594423FBEDD2F0FD7C41887", "action_flag": 3, "change_message": ""}}, {"model": "admin.logentry", "pk": 102, "fields": {"action_time": "2021-09-14T09:29:29.159Z", "user": 1, "content_type": 17, "object_id": "26", "object_repr": "6090299C783F40DDBE35F3DC02475AA3", "action_flag": 3, "change_message": ""}}, {"model": "admin.logentry", "pk": 103, "fields": {"action_time": "2021-09-14T09:29:29.189Z", "user": 1, "content_type": 17, "object_id": "25", "object_repr": "A0056D68ABD34B7783D92BCB68277FC3", "action_flag": 3, "change_message": ""}}, {"model": "admin.logentry", "pk": 104, "fields": {"action_time": "2021-09-14T09:29:29.220Z", "user": 1, "content_type": 17, "object_id": "24", "object_repr": "A4B28F39EDD247908905421D16124CE9", "action_flag": 3, "change_message": ""}}, {"model": "admin.logentry", "pk": 105, "fields": {"action_time": "2021-09-14T09:29:29.249Z", "user": 1, "content_type": 17, "object_id": "23", "object_repr": "9D302D0A7EE1447792480DBFB58A4D40", "action_flag": 3, "change_message": ""}}, {"model": "admin.logentry", "pk": 106, "fields": {"action_time": "2021-09-14T09:29:29.278Z", "user": 1, "content_type": 17, "object_id": "22", "object_repr": "D7088A7CEF104A52A16685D3D18F5124", "action_flag": 3, "change_message": ""}}, {"model": "admin.logentry", "pk": 107, "fields": {"action_time": "2021-09-14T09:29:29.311Z", "user": 1, "content_type": 17, "object_id": "21", "object_repr": "E14C78BC57254B3682D1DED99C03B9E6", "action_flag": 3, "change_message": ""}}, {"model": "admin.logentry", "pk": 108, "fields": {"action_time": "2021-09-14T09:29:29.340Z", "user": 1, "content_type": 17, "object_id": "20", "object_repr": "9FD6EC547D814B678746A1E8A1F4A23B", "action_flag": 3, "change_message": ""}}, {"model": "admin.logentry", "pk": 109, "fields": {"action_time": "2021-09-14T09:29:29.370Z", "user": 1, "content_type": 17, "object_id": "19", "object_repr": "66AF38394F9A4F9C9FED5F8DB8C50332", "action_flag": 3, "change_message": ""}}, {"model": "admin.logentry", "pk": 110, "fields": {"action_time": "2021-09-14T09:29:29.400Z", "user": 1, "content_type": 17, "object_id": "18", "object_repr": "E96709BFF9BF4E88B9454A8BB2B0B1E2", "action_flag": 3, "change_message": ""}}, {"model": "admin.logentry", "pk": 111, "fields": {"action_time": "2021-09-14T09:29:29.430Z", "user": 1, "content_type": 17, "object_id": "17", "object_repr": "F459DF82CB6D4802BA98A958757C1784", "action_flag": 3, "change_message": ""}}, {"model": "admin.logentry", "pk": 112, "fields": {"action_time": "2021-09-14T09:29:29.459Z", "user": 1, "content_type": 17, "object_id": "16", "object_repr": "1C9EC38F8DE7492EB05A9CFE21B46B11", "action_flag": 3, "change_message": ""}}, {"model": "admin.logentry", "pk": 113, "fields": {"action_time": "2021-09-14T09:29:29.487Z", "user": 1, "content_type": 17, "object_id": "15", "object_repr": "BE02C9EE47C746EF8C89566BE26BBD96", "action_flag": 3, "change_message": ""}}, {"model": "admin.logentry", "pk": 114, "fields": {"action_time": "2021-09-14T09:29:29.518Z", "user": 1, "content_type": 17, "object_id": "14", "object_repr": "2F989C7E82AB4EF09DD401F93E58C962", "action_flag": 3, "change_message": ""}}, {"model": "admin.logentry", "pk": 115, "fields": {"action_time": "2021-09-14T09:29:29.551Z", "user": 1, "content_type": 17, "object_id": "13", "object_repr": "545A36CCB33C4E01AE8970DAE581FEF5", "action_flag": 3, "change_message": ""}}, {"model": "admin.logentry", "pk": 116, "fields": {"action_time": "2021-09-14T09:29:29.581Z", "user": 1, "content_type": 17, "object_id": "12", "object_repr": "406CDE0E6EE14DAFBA0DCD30FCEDC043", "action_flag": 3, "change_message": ""}}, {"model": "admin.logentry", "pk": 117, "fields": {"action_time": "2021-09-14T09:29:29.606Z", "user": 1, "content_type": 17, "object_id": "11", "object_repr": "E578772613274BEC91B0F34B18FFEDF5", "action_flag": 3, "change_message": ""}}, {"model": "admin.logentry", "pk": 118, "fields": {"action_time": "2021-09-14T09:29:29.629Z", "user": 1, "content_type": 17, "object_id": "10", "object_repr": "B6C4C910D4AA4CBCA1FCE59E8C0123DF", "action_flag": 3, "change_message": ""}}, {"model": "admin.logentry", "pk": 119, "fields": {"action_time": "2021-09-14T09:29:29.652Z", "user": 1, "content_type": 17, "object_id": "9", "object_repr": "D3176A3AE19741EFA888B4CF4212FEFA", "action_flag": 3, "change_message": ""}}, {"model": "admin.logentry", "pk": 120, "fields": {"action_time": "2021-09-14T09:29:29.675Z", "user": 1, "content_type": 17, "object_id": "8", "object_repr": "6515E00747C74AD68644B1609081619F", "action_flag": 3, "change_message": ""}}, {"model": "admin.logentry", "pk": 121, "fields": {"action_time": "2021-09-14T09:29:29.698Z", "user": 1, "content_type": 17, "object_id": "7", "object_repr": "6C5B6838CB5049D8BC5D8BB1387B7CA5", "action_flag": 3, "change_message": ""}}, {"model": "admin.logentry", "pk": 122, "fields": {"action_time": "2021-09-14T09:29:29.720Z", "user": 1, "content_type": 17, "object_id": "6", "object_repr": "2D83DF38B30347FB9CDDE5D16798308D", "action_flag": 3, "change_message": ""}}, {"model": "admin.logentry", "pk": 123, "fields": {"action_time": "2021-09-14T09:29:29.743Z", "user": 1, "content_type": 17, "object_id": "5", "object_repr": "917EF105A5164ECFA3AE62F6EC4816FF", "action_flag": 3, "change_message": ""}}, {"model": "admin.logentry", "pk": 124, "fields": {"action_time": "2021-09-14T09:29:29.766Z", "user": 1, "content_type": 17, "object_id": "4", "object_repr": "577836AADA454B1A8D774D3A5ADBEE18", "action_flag": 3, "change_message": ""}}, {"model": "admin.logentry", "pk": 125, "fields": {"action_time": "2021-09-14T09:29:29.789Z", "user": 1, "content_type": 17, "object_id": "3", "object_repr": "827976FC526D49F89CDEC5A2F9C8C23B", "action_flag": 3, "change_message": ""}}, {"model": "admin.logentry", "pk": 126, "fields": {"action_time": "2021-09-14T09:29:29.813Z", "user": 1, "content_type": 17, "object_id": "2", "object_repr": "39D006F5FD9D45238A0D5BDAC4DB4159", "action_flag": 3, "change_message": ""}}, {"model": "admin.logentry", "pk": 127, "fields": {"action_time": "2021-09-14T09:29:29.837Z", "user": 1, "content_type": 17, "object_id": "1", "object_repr": "6B2A75DCC3AF4E70B1ED60DBC4E38126", "action_flag": 3, "change_message": ""}}, {"model": "admin.logentry", "pk": 128, "fields": {"action_time": "2021-09-14T09:59:12.976Z", "user": 1, "content_type": 4, "object_id": "3", "object_repr": "test_user", "action_flag": 3, "change_message": ""}}, {"model": "admin.logentry", "pk": 129, "fields": {"action_time": "2021-09-14T14:17:16.241Z", "user": 1, "content_type": 21, "object_id": "1", "object_repr": "sophie_joly Wishlist", "action_flag": 1, "change_message": "[{\"added\": {}}]"}}, {"model": "admin.logentry", "pk": 130, "fields": {"action_time": "2021-09-14T14:17:35.139Z", "user": 1, "content_type": 21, "object_id": "1", "object_repr": "sophie_joly Wishlist", "action_flag": 2, "change_message": "[]"}}, {"model": "admin.logentry", "pk": 131, "fields": {"action_time": "2021-09-14T19:02:32.015Z", "user": 1, "content_type": 21, "object_id": "1", "object_repr": "Default wishlist belonging to sophie_joly", "action_flag": 3, "change_message": ""}}, {"model": "admin.logentry", "pk": 132, "fields": {"action_time": "2021-09-15T09:49:28.498Z", "user": 1, "content_type": 21, "object_id": "5", "object_repr": "Default wishlist belonging to test_test", "action_flag": 3, "change_message": ""}}, {"model": "admin.logentry", "pk": 133, "fields": {"action_time": "2021-09-15T09:49:37.508Z", "user": 1, "content_type": 21, "object_id": "3", "object_repr": "Default wishlist belonging to sophie_joly", "action_flag": 3, "change_message": ""}}, {"model": "admin.logentry", "pk": 134, "fields": {"action_time": "2021-09-15T10:02:23.251Z", "user": 1, "content_type": 21, "object_id": "4", "object_repr": "Default wishlist belonging to test_test", "action_flag": 3, "change_message": ""}}, {"model": "admin.logentry", "pk": 135, "fields": {"action_time": "2021-09-15T10:02:23.282Z", "user": 1, "content_type": 21, "object_id": "2", "object_repr": "Default wishlist belonging to sophie_joly", "action_flag": 3, "change_message": ""}}, {"model": "admin.logentry", "pk": 136, "fields": {"action_time": "2021-09-15T10:27:42.744Z", "user": 1, "content_type": 21, "object_id": "7", "object_repr": "Default wishlist belonging to sophie_joly", "action_flag": 3, "change_message": ""}}, {"model": "admin.logentry", "pk": 137, "fields": {"action_time": "2021-09-15T10:27:42.772Z", "user": 1, "content_type": 21, "object_id": "6", "object_repr": "Default wishlist belonging to sophie_joly", "action_flag": 3, "change_message": ""}}, {"model": "admin.logentry", "pk": 138, "fields": {"action_time": "2021-09-15T11:28:32.060Z", "user": 1, "content_type": 21, "object_id": "8", "object_repr": "Default wishlist belonging to sophie_joly", "action_flag": 3, "change_message": ""}}, {"model": "admin.logentry", "pk": 139, "fields": {"action_time": "2021-09-15T14:00:52.916Z", "user": 1, "content_type": 16, "object_id": "5", "object_repr": "Piratini Membership Card", "action_flag": 3, "change_message": ""}}, {"model": "admin.logentry", "pk": 140, "fields": {"action_time": "2021-09-15T14:10:45.865Z", "user": 1, "content_type": 14, "object_id": "4", "object_repr": "Piratini Membership Card", "action_flag": 1, "change_message": "[{\"added\": {}}]"}}, {"model": "admin.logentry", "pk": 141, "fields": {"action_time": "2021-09-16T16:21:33.740Z", "user": 1, "content_type": 14, "object_id": "5", "object_repr": "test", "action_flag": 3, "change_message": ""}}, {"model": "admin.logentry", "pk": 142, "fields": {"action_time": "2021-09-16T16:21:47.228Z", "user": 1, "content_type": 15, "object_id": "5", "object_repr": "accessories", "action_flag": 1, "change_message": "[{\"added\": {}}]"}}, {"model": "admin.logentry", "pk": 143, "fields": {"action_time": "2021-09-16T16:21:55.739Z", "user": 1, "content_type": 14, "object_id": "6", "object_repr": "Hario Filter unbleached Paper for 02 Dripper x 100", "action_flag": 2, "change_message": "[{\"changed\": {\"fields\": [\"Tags\"]}}]"}}, {"model": "admin.logentry", "pk": 144, "fields": {"action_time": "2021-09-16T16:22:25.332Z", "user": 1, "content_type": 13, "object_id": "5", "object_repr": "hand_grinders", "action_flag": 1, "change_message": "[{\"added\": {}}]"}}, {"model": "admin.logentry", "pk": 145, "fields": {"action_time": "2021-09-16T16:22:38.382Z", "user": 1, "content_type": 14, "object_id": "3", "object_repr": "Timemore Chestnut Hand Grinder", "action_flag": 2, "change_message": "[{\"changed\": {\"fields\": [\"Collection\"]}}]"}}, {"model": "admin.logentry", "pk": 146, "fields": {"action_time": "2021-09-16T16:24:48.597Z", "user": 1, "content_type": 14, "object_id": "6", "object_repr": "Hario Filter unbleached Paper for 02 Dripper x 100", "action_flag": 2, "change_message": "[{\"changed\": {\"fields\": [\"Card name\"]}}]"}}, {"model": "admin.logentry", "pk": 147, "fields": {"action_time": "2021-09-16T16:39:00.566Z", "user": 1, "content_type": 13, "object_id": "2", "object_repr": "memberships", "action_flag": 2, "change_message": "[{\"changed\": {\"fields\": [\"Friendly name\"]}}]"}}, {"model": "auth.user", "pk": 1, "fields": {"password": "pbkdf2_sha256$260000$K5i8PGQx4DVpeFA89QfXI0$o82h8brtacLNdRu8igVTriDLRHPQXQgiOdrvVesJQs0=", "last_login": "2021-09-16T06:47:00.906Z", "is_superuser": true, "username": "sophie_joly", "first_name": "", "last_name": "", "email": "viniordobas@icloud.com", "is_staff": true, "is_active": true, "date_joined": "2021-09-11T09:06:31.245Z", "groups": [], "user_permissions": []}}, {"model": "auth.user", "pk": 2, "fields": {"password": "pbkdf2_sha256$260000$yXiVuBwv8UyZR7M45Pbqew$OPyHxmlfXl5Ct3NltHt5g9VZViaH4jyY1/lqW/kfAx8=", "last_login": "2021-09-13T16:06:59Z", "is_superuser": false, "username": "vinnie.ordobas@shopify.com", "first_name": "Bruce", "last_name": "Wayne", "email": "vinnie.ordobas@shopify.com", "is_staff": false, "is_active": true, "date_joined": "2021-09-12T15:34:00Z", "groups": [], "user_permissions": []}}, {"model": "auth.user", "pk": 4, "fields": {"password": "pbkdf2_sha256$260000$DaGRAeSXEZTio3vzK3pXFc$pTagSX0Wd1xBiMGIkvjwywazHB2ltJiJ2YBfur0HXrM=", "last_login": "2021-09-14T09:59:55.579Z", "is_superuser": false, "username": "igor", "first_name": "", "last_name": "", "email": "aa@aa.aa", "is_staff": false, "is_active": true, "date_joined": "2021-09-14T09:59:10.468Z", "groups": [], "user_permissions": []}}, {"model": "auth.user", "pk": 5, "fields": {"password": "pbkdf2_sha256$260000$gE7L1fSQI3ybftSZ7UTRkN$D4cdOoEzXD26aaDHsv9A3IzqleMkHh+V5M4d3U40PfM=", "last_login": null, "is_superuser": false, "username": "test_user", "first_name": "", "last_name": "", "email": "test@test.com", "is_staff": false, "is_active": true, "date_joined": "2021-09-14T09:59:52.491Z", "groups": [], "user_permissions": []}}, {"model": "auth.user", "pk": 6, "fields": {"password": "pbkdf2_sha256$260000$VF2rDj803BnMd9CdUP8JP2$njg/7LPrsG3Ptq2B6OyXYswcqZF9C3g9BTqRjbls9LM=", "last_login": "2021-09-16T06:08:13.898Z", "is_superuser": false, "username": "test_test", "first_name": "", "last_name": "", "email": "test123@test.com", "is_staff": false, "is_active": true, "date_joined": "2021-09-14T10:02:44.272Z", "groups": [], "user_permissions": []}}, {"model": "sessions.session", "pk": "0igvhv3qbx095r07t3zwu7fivcj7n0qz", "fields": {"session_data": ".eJxVjMEOgyAQRP9lz4YUIQoce-83kF1YlbaRRjRpY_z3lsRLb5OZN28HwhHcDi042UAHrj0a8Litk98KLz5FcCDhryMMD57rEO84j1mEPK9LIlERca5F3HLk5_Vk_wQTlun3tpE1KrZtZwe0HCkoHVFFq6OUypqeyTB1NbBhNfQKjQ2BNPVKkTRVWriUlGfP71daPuAuxxeG40S3:1mQujS:pn_qoNsLyCPJ2pQO7-Y7NfcIJWIb16ygV3N-Hcr4P6w", "expire_date": "2021-09-30T16:59:30.413Z"}}, {"model": "sessions.session", "pk": "4ogelcxvgh1pq1ed94qlndgfynria6o2", "fields": {"session_data": ".eJxVjEEOwiAURO_C2hA-pUC7dO8ZyC98LGrAlDbRGO-uJF3objLz5r2Yw22d3VZpcSmwkWl2-O0m9FfKbQgXzOfCfcnrkibeEL6vlZ9KoNtxZ_8EM9b5-5ZRaBi0itZ2MHUGUAIZj9H3CgIaaQkGI3sQnWmJdNBWEADGIUSpmrRSralkR497Wp5sFO8PWcU-Vw:1mQ5LW:XH5l5WcvaGSdhY0fN81D46Nc3aAx5sYg-7YowYo3Jag", "expire_date": "2021-09-28T10:07:22.722Z"}}, {"model": "sessions.session", "pk": "msslrt1kmbhjptvdb98u5qpnkts74c5i", "fields": {"session_data": "eyJfc2Vzc2lvbl9leHBpcnkiOjEyMDk2MDAsInNhdmVfaW5mbyI6ZmFsc2V9:1mPRNQ:8wLqg_SR0Hlgj0rtjyCmAc0NsFaYUxMwz53ECq_zk74", "expire_date": "2021-09-26T15:26:40.655Z"}}, {"model": "sessions.session", "pk": "pcmv5a6ijut4gnmewy9l3e770grz6foc", "fields": {"session_data": "eyJfbWVzc2FnZXMiOiJbW1wiX19qc29uX21lc3NhZ2VcIiwgMCwgMjUsIFwiWW91IGhhdmUgc2lnbmVkIG91dC5cIl1dIn0:1mQ52j:X_vQDZ45aosVjMpYtuMCsuiKX36ovISXDQ1b_XIbOJE", "expire_date": "2021-09-28T09:47:57.783Z"}}, {"model": "sessions.session", "pk": "q1tt3ivkqh0lcxhnys9wz6irlu8ey0x6", "fields": {"session_data": "e30:1mPRNc:xdZ8-g7pckLU0u-rePskRVnpm7XUvM_c66Pyl3_dCLc", "expire_date": "2021-09-26T15:26:52.827Z"}}, {"model": "sites.site", "pk": 1, "fields": {"domain": "example.com", "name": "example.com"}}, {"model": "account.emailaddress", "pk": 1, "fields": {"user": 1, "email": "viniordobas@icloud.com", "verified": true, "primary": false}}, {"model": "account.emailaddress", "pk": 2, "fields": {"user": 2, "email": "vinnie.ordobas@shopify.com", "verified": true, "primary": true}}, {"model": "account.emailaddress", "pk": 4, "fields": {"user": 4, "email": "aa@aa.aa", "verified": true, "primary": true}}, {"model": "account.emailaddress", "pk": 5, "fields": {"user": 5, "email": "test@test.com", "verified": true, "primary": true}}, {"model": "account.emailaddress", "pk": 6, "fields": {"user": 6, "email": "test123@test.com", "verified": true, "primary": true}}, {"model": "products.collection", "pk": 1, "fields": {"name": "coffee_beans", "friendly_name": "Coffee Beans"}}, {"model": "products.collection", "pk": 2, "fields": {"name": "memberships", "friendly_name": "Memberships"}}, {"model": "products.collection", "pk": 3, "fields": {"name": "brewers", "friendly_name": "Brewers"}}, {"model": "products.collection", "pk": 4, "fields": {"name": "accessories", "friendly_name": "Accessories"}}, {"model": "products.collection", "pk": 5, "fields": {"name": "hand_grinders", "friendly_name": "Hand Grinders"}}, {"model": "products.tags", "pk": 1, "fields": {"name": "coffee-beans", "friendly_name": "Coffee Beans"}}, {"model": "products.tags", "pk": 2, "fields": {"name": "brewers", "friendly_name": "Brewers"}}, {"model": "products.tags", "pk": 3, "fields": {"name": "hand_grinders", "friendly_name": "Hand Griders"}}, {"model": "products.tags", "pk": 4, "fields": {"name": "memberships", "friendly_name": "Memberhips"}}, {"model": "products.tags", "pk": 5, "fields": {"name": "accessories", "friendly_name": "Accessories"}}, {"model": "products.product", "pk": 1, "fields": {"collection": 1, "sku": "1", "name": "Recanto dos Tucanos 250g", "membership": false, "card_name": "Recanto dos Tucanos", "description": "test", "price": "10.00", "image_url": null, "image": "cafe-especial-microlotes-microlotes-recanto-dos-tucanos--p-1628187595997_6EPOsTK.jpg", "tags": [1]}}, {"model": "products.product", "pk": 2, "fields": {"collection": 3, "sku": "2", "name": "Hario V60 Brewer", "membership": false, "card_name": "Hario V60", "description": "test", "price": "20.00", "image_url": null, "image": "V60Brewer-Shop_590x_zJtgREY.png", "tags": [2]}}, {"model": "products.product", "pk": 3, "fields": {"collection": 5, "sku": "3", "name": "Timemore Chestnut Hand Grinder", "membership": false, "card_name": "Timemore Grinder", "description": "test", "price": "80.00", "image_url": null, "image": "Timemore-Chestnut-C2_aN0zQxv.jpg", "tags": [3]}}, {"model": "products.product", "pk": 4, "fields": {"collection": 2, "sku": "4", "name": "Piratini Membership Card", "membership": true, "card_name": "Piratini Membership", "description": "test", "price": "16.00", "image_url": null, "image": "membership_img_adobespark_TN9clLp.png", "tags": [4]}}, {"model": "products.product", "pk": 6, "fields": {"collection": 4, "sku": "6", "name": "Hario Filter unbleached Paper for 02 Dripper x 100", "membership": false, "card_name": "Hario Paper Filters", "description": "The key to brewing a perfect cup is to ensure that you rinse the 02 Hario filter papers with hot water prior to adding the grounds into the dripper. You should  pour the hot water carefully onto the grounds without touching the paper filter.", "price": "5.00", "image_url": null, "image": "v60-02-unbleached-filter-paper-600x600.jpg", "tags": [5]}}, {"model": "checkout.order", "pk": 28, "fields": {"order_number": "736D68DAB9EA4E52ACFC6A2E7380AA1A", "user_profile": null, "full_name": "Mr. Shelby", "email": "test@test.com", "phone_number": "0838882078", "country": "IE", "postcode": "D07F382", "town_or_city": "Los Angeles", "street_address1": "Canyon Dr", "street_address2": "3200", "county": "Dublin", "date": "2021-09-14T09:30:37.998Z", "delivery_cost": "3.00", "discount": null, "order_total": "30.00", "grand_total": "33.00", "original_bag": "{\"1\": 3}", "stripe_pid": "pi_3JZXxvJ1YYAvw3NI08X2MEFr"}}, {"model": "checkout.order", "pk": 29, "fields": {"order_number": "0B4848C8136741A68D8190774C005EDF", "user_profile": null, "full_name": "Mr. Shelby", "email": "test@test.com", "phone_number": "0838882078", "country": "IE", "postcode": "D07F382", "town_or_city": "Los Angeles", "street_address1": "Canyon Dr", "street_address2": "3200", "county": "Dublin", "date": "2021-09-14T09:42:46.409Z", "delivery_cost": "1.00", "discount": null, "order_total": "10.00", "grand_total": "11.00", "original_bag": "{\"1\": 1}", "stripe_pid": "pi_3JZY9tJ1YYAvw3NI0n49h3Vk"}}, {"model": "checkout.order", "pk": 30, "fields": {"order_number": "CEA6200D207B4EC28765BF0E1F76743D", "user_profile": null, "full_name": "Mr. Shelby", "email": "test@test.com", "phone_number": "0838882078", "country": "AI", "postcode": "D07F382", "town_or_city": "Los Angeles", "street_address1": "Canyon Dr", "street_address2": "3200", "county": "Dublin", "date": "2021-09-14T09:44:23.328Z", "delivery_cost": "1.00", "discount": null, "order_total": "10.00", "grand_total": "11.00", "original_bag": "{\"1\": 1}", "stripe_pid": "pi_3JZYBSJ1YYAvw3NI0CUiJYAz"}}, {"model": "checkout.order", "pk": 31, "fields": {"order_number": "F09607E2484D4455BC299FF76202585B", "user_profile": null, "full_name": "Bruce Wayne", "email": "vinnie.ordobas@shopify.com", "phone_number": "0838882078", "country": "IE", "postcode": "D07F382", "town_or_city": "Los Angeles", "street_address1": "Canyon Dr", "street_address2": "3200", "county": "Dublin", "date": "2021-09-14T09:45:59.643Z", "delivery_cost": "0.00", "discount": 2, "order_total": "0.00", "grand_total": "0.00", "original_bag": "{\"1\": 1}", "stripe_pid": "pi_3JZYCwJ1YYAvw3NI1jLgIrcb"}}, {"model": "checkout.order", "pk": 32, "fields": {"order_number": "A815A3B78C4C438899BC7B04B0252ED5", "user_profile": null, "full_name": "Bruce Wayne", "email": "vinnie.ordobas@shopify.com", "phone_number": "0838882078", "country": "IE", "postcode": "D07F382", "town_or_city": "Los Angeles", "street_address1": "Canyon Dr", "street_address2": "3200", "county": "Dublin", "date": "2021-09-14T09:46:04.894Z", "delivery_cost": "1.00", "discount": null, "order_total": "10.00", "grand_total": "11.00", "original_bag": "{\"1\": 1}", "stripe_pid": "pi_3JZYCwJ1YYAvw3NI1jLgIrcb"}}, {"model": "checkout.order", "pk": 33, "fields": {"order_number": "CFC9395A05A04834AEE3C29652118A30", "user_profile": null, "full_name": "Bruce Wayne", "email": "vinnie.ordobas@shopify.com", "phone_number": "0838882078", "country": "IE", "postcode": "D07F382", "town_or_city": "Los Angeles", "street_address1": "Canyon Dr", "street_address2": "3200", "county": "Dublin", "date": "2021-09-14T09:47:17.416Z", "delivery_cost": "1.00", "discount": 2, "order_total": "10.00", "grand_total": "9.50", "original_bag": "{\"1\": 1}", "stripe_pid": "pi_3JZYCwJ1YYAvw3NI1jLgIrcb"}}, {"model": "checkout.order", "pk": 34, "fields": {"order_number": "2F2B9D34DBDA48158371A4E62F512B97", "user_profile": null, "full_name": "Bruce Wayne", "email": "vinnie.ordobas@shopify.com", "phone_number": "0838882078", "country": "IE", "postcode": "D07F382", "town_or_city": "Los Angeles", "street_address1": "Canyon Dr", "street_address2": "3200", "county": "Dublin", "date": "2021-09-14T09:48:47.309Z", "delivery_cost": "1.00", "discount": 2, "order_total": "10.00", "grand_total": "9.50", "original_bag": "{\"1\": 1}", "stripe_pid": "pi_3JZYFaJ1YYAvw3NI0lFqAJEj"}}, {"model": "checkout.order", "pk": 35, "fields": {"order_number": "DE6C11921E9140E29E50312830BDC61C", "user_profile": null, "full_name": "Bruce Wayne", "email": "vinnie.ordobas@shopify.com", "phone_number": "0838882078", "country": "IE", "postcode": "D07F382", "town_or_city": "Los Angeles", "street_address1": "Canyon Dr", "street_address2": "3200", "county": "Dublin", "date": "2021-09-14T09:55:06.938Z", "delivery_cost": "2.00", "discount": null, "order_total": "20.00", "grand_total": "22.00", "original_bag": "{\"1\": 2}", "stripe_pid": "pi_3JZYLqJ1YYAvw3NI0Bzsh0oa"}}, {"model": "checkout.order", "pk": 36, "fields": {"order_number": "444004C64DB64917A0919D1F8B24C4E9", "user_profile": 5, "full_name": "Mr. Shelby", "email": "test@test.com", "phone_number": "0838882078", "country": "IE", "postcode": "D07F382", "town_or_city": "Los Angeles", "street_address1": "Canyon Dr", "street_address2": "3200", "county": "Dublin", "date": "2021-09-14T10:01:19.455Z", "delivery_cost": "0.00", "discount": null, "order_total": "320.00", "grand_total": "320.00", "original_bag": "{\"3\": 4}", "stripe_pid": "pi_3JZXVVJ1YYAvw3NI0YreHU8u"}}, {"model": "checkout.order", "pk": 37, "fields": {"order_number": "14B259AD82DC4AF792C267BDCFFA5C13", "user_profile": 6, "full_name": "Bruce Wayne", "email": "vinnie.ordobas@shopify.com", "phone_number": "0838882078", "country": "IE", "postcode": "D07F382", "town_or_city": "Los Angeles", "street_address1": "Canyon Dr", "street_address2": "3200", "county": "Dublin", "date": "2021-09-14T10:04:34.151Z", "delivery_cost": "1.00", "discount": null, "order_total": "10.00", "grand_total": "11.00", "original_bag": "{\"1\": 1}", "stripe_pid": "pi_3JZYV0J1YYAvw3NI1F2pYz5K"}}, {"model": "checkout.order", "pk": 38, "fields": {"order_number": "102CBF35F0F1440B9536B8C32BF9D283", "user_profile": 6, "full_name": "Vinicius Ordobas Muniz", "email": "vinnie.ordobas@shopify.com", "phone_number": "0838882078", "country": "IE", "postcode": "D07F382", "town_or_city": "Dublin", "street_address1": "16 Ormond Square", "street_address2": "House", "county": "Dublin", "date": "2021-09-14T10:06:43.360Z", "delivery_cost": "2.00", "discount": null, "order_total": "20.00", "grand_total": "22.00", "original_bag": "{\"1\": 2}", "stripe_pid": "pi_3JZYWzJ1YYAvw3NI0m3Qe7rg"}}, {"model": "checkout.order", "pk": 39, "fields": {"order_number": "7FDCC468FB4E4583AFACCEA92B3F58AA", "user_profile": 5, "full_name": "Bruce Wayne", "email": "vinnie.ordobas@shopify.com", "phone_number": "0838882078", "country": "IE", "postcode": "D07F382", "town_or_city": "Los Angeles", "street_address1": "Canyon Dr", "street_address2": "3200", "county": "Dublin", "date": "2021-09-14T10:06:52.041Z", "delivery_cost": "1.00", "discount": null, "order_total": "10.00", "grand_total": "11.00", "original_bag": "{\"1\": 1}", "stripe_pid": "pi_3JZXblJ1YYAvw3NI0rgqIxbz"}}, {"model": "checkout.order", "pk": 40, "fields": {"order_number": "6FDC4E71E19A42D28212DCBC75B7430C", "user_profile": 5, "full_name": "Bruce Wayne", "email": "vinnie.ordobas@shopify.com", "phone_number": "0838882078", "country": "IE", "postcode": "D07F382", "town_or_city": "Los Angeles", "street_address1": "Canyon Dr", "street_address2": "3200", "county": "Dublin", "date": "2021-09-14T10:13:19.971Z", "delivery_cost": "3.00", "discount": null, "order_total": "30.00", "grand_total": "33.00", "original_bag": "{\"1\": 3}", "stripe_pid": "pi_3JZXgoJ1YYAvw3NI1AtLvsMX"}}, {"model": "checkout.order", "pk": 41, "fields": {"order_number": "A982CA166A814E6F992A4EA7A7DF651A", "user_profile": 6, "full_name": "Bruce Wayne", "email": "vinnie.ordobas@shopify.com", "phone_number": "0838882078", "country": "IE", "postcode": "D07F382", "town_or_city": "Los Angeles", "street_address1": "Canyon Dr", "street_address2": "3200", "county": "Dublin", "date": "2021-09-14T10:24:16.810Z", "delivery_cost": "3.00", "discount": null, "order_total": "30.00", "grand_total": "33.00", "original_bag": "{\"1\": 3}", "stripe_pid": "pi_3JZYo4J1YYAvw3NI1kweUOZQ"}}, {"model": "checkout.order", "pk": 42, "fields": {"order_number": "F93317E3BF914065948F17F0AE3EF8E3", "user_profile": 5, "full_name": "Bruce Wayne", "email": "vinnie.ordobas@shopify.com", "phone_number": "0838882078", "country": "IE", "postcode": "D07F382", "town_or_city": "Los Angeles", "street_address1": "Canyon Dr", "street_address2": "3200", "county": "Dublin", "date": "2021-09-14T10:25:44.598Z", "delivery_cost": "1.00", "discount": null, "order_total": "10.00", "grand_total": "11.00", "original_bag": "{\"1\": 1}", "stripe_pid": "pi_3JZXsqJ1YYAvw3NI0Yp44SOc"}}, {"model": "checkout.order", "pk": 43, "fields": {"order_number": "B5AE86CAE8A44975A4822123DA18FD8E", "user_profile": 6, "full_name": "Bruce Wayne", "email": "vinnie.ordobas@shopify.com", "phone_number": "0838882078", "country": "IE", "postcode": "D07F382", "town_or_city": "Los Angeles", "street_address1": "Canyon Dr", "street_address2": "3200", "county": "Dublin", "date": "2021-09-14T15:35:50.659Z", "delivery_cost": "3.00", "discount": null, "order_total": "30.00", "grand_total": "33.00", "original_bag": "{\"1\": 3}", "stripe_pid": "pi_3JZdfZJ1YYAvw3NI040QUqtY"}}, {"model": "checkout.order", "pk": 44, "fields": {"order_number": "ABEF7D5099DA4258B0E7FC734C470D21", "user_profile": 6, "full_name": "Bruce Wayne", "email": "vinnie.ordobas@shopify.com", "phone_number": "0838882078", "country": "IE", "postcode": "D07F382", "town_or_city": "Los Angeles", "street_address1": "Canyon Dr", "street_address2": "3200", "county": "Dublin", "date": "2021-09-14T16:04:48.041Z", "delivery_cost": "3.00", "discount": null, "order_total": "30.00", "grand_total": "33.00", "original_bag": "{\"1\": 3}", "stripe_pid": "pi_3JZe7XJ1YYAvw3NI0mThgW5K"}}, {"model": "checkout.order", "pk": 45, "fields": {"order_number": "B5B739DA22734428AF6A1A414D5A33E2", "user_profile": 1, "full_name": "Bruce Wayne", "email": "vinnie.ordobas@shopify.com", "phone_number": "0838882078", "country": "IE", "postcode": "D07F382", "town_or_city": "Los Angeles", "street_address1": "Canyon Dr", "street_address2": "3200", "county": "Dublin", "date": "2021-09-15T15:17:56.187Z", "delivery_cost": "1.60", "discount": null, "order_total": "16.00", "grand_total": "17.60", "original_bag": "{\"4\": 1}", "stripe_pid": "pi_3JZzrnJ1YYAvw3NI1cXjqoKS"}}, {"model": "checkout.order", "pk": 46, "fields": {"order_number": "88143C8977F74CFD94140F9B6FACBA29", "user_profile": 6, "full_name": "Bruce Wayne", "email": "vinnie.ordobas@shopify.com", "phone_number": "0838882078", "country": "IE", "postcode": "D07F382", "town_or_city": "Los Angeles", "street_address1": "Canyon Dr", "street_address2": "3200", "county": "Dublin", "date": "2021-09-15T16:57:21.741Z", "delivery_cost": "1.60", "discount": null, "order_total": "16.00", "grand_total": "17.60", "original_bag": "{\"4\": 1}", "stripe_pid": "pi_3Ja1PyJ1YYAvw3NI0raO1v1k"}}, {"model": "checkout.orderlineitem", "pk": 28, "fields": {"order": 28, "product": 1, "quantity": 3, "lineitem_total": "30.00"}}, {"model": "checkout.orderlineitem", "pk": 29, "fields": {"order": 29, "product": 1, "quantity": 1, "lineitem_total": "10.00"}}, {"model": "checkout.orderlineitem", "pk": 30, "fields": {"order": 30, "product": 1, "quantity": 1, "lineitem_total": "10.00"}}, {"model": "checkout.orderlineitem", "pk": 31, "fields": {"order": 31, "product": 1, "quantity": 1, "lineitem_total": "10.00"}}, {"model": "checkout.orderlineitem", "pk": 32, "fields": {"order": 32, "product": 1, "quantity": 1, "lineitem_total": "10.00"}}, {"model": "checkout.orderlineitem", "pk": 33, "fields": {"order": 33, "product": 1, "quantity": 1, "lineitem_total": "10.00"}}, {"model": "checkout.orderlineitem", "pk": 34, "fields": {"order": 34, "product": 1, "quantity": 1, "lineitem_total": "10.00"}}, {"model": "checkout.orderlineitem", "pk": 35, "fields": {"order": 35, "product": 1, "quantity": 2, "lineitem_total": "20.00"}}, {"model": "checkout.orderlineitem", "pk": 36, "fields": {"order": 36, "product": 3, "quantity": 4, "lineitem_total": "320.00"}}, {"model": "checkout.orderlineitem", "pk": 37, "fields": {"order": 37, "product": 1, "quantity": 1, "lineitem_total": "10.00"}}, {"model": "checkout.orderlineitem", "pk": 38, "fields": {"order": 38, "product": 1, "quantity": 2, "lineitem_total": "20.00"}}, {"model": "checkout.orderlineitem", "pk": 39, "fields": {"order": 39, "product": 1, "quantity": 1, "lineitem_total": "10.00"}}, {"model": "checkout.orderlineitem", "pk": 40, "fields": {"order": 40, "product": 1, "quantity": 3, "lineitem_total": "30.00"}}, {"model": "checkout.orderlineitem", "pk": 41, "fields": {"order": 41, "product": 1, "quantity": 3, "lineitem_total": "30.00"}}, {"model": "checkout.orderlineitem", "pk": 42, "fields": {"order": 42, "product": 1, "quantity": 1, "lineitem_total": "10.00"}}, {"model": "checkout.orderlineitem", "pk": 43, "fields": {"order": 43, "product": 1, "quantity": 3, "lineitem_total": "30.00"}}, {"model": "checkout.orderlineitem", "pk": 44, "fields": {"order": 44, "product": 1, "quantity": 3, "lineitem_total": "30.00"}}, {"model": "checkout.orderlineitem", "pk": 45, "fields": {"order": 45, "product": 4, "quantity": 1, "lineitem_total": "16.00"}}, {"model": "checkout.orderlineitem", "pk": 46, "fields": {"order": 46, "product": 4, "quantity": 1, "lineitem_total": "16.00"}}, {"model": "discounts.discount", "pk": 1, "fields": {"code": "CODE01", "valid_from": "2021-09-11T11:15:04Z", "valid_to": "2021-09-11T13:15:09Z", "discount": 10, "active": true}}, {"model": "discounts.discount", "pk": 2, "fields": {"code": "CODE02", "valid_from": "2021-09-12T14:28:09Z", "valid_to": "2021-09-14T14:28:24Z", "discount": 15, "active": true}}, {"model": "profiles.userprofile", "pk": 1, "fields": {"user": 1, "default_phone_number": "0838882078", "default_street_address1": "Canyon Dr", "default_street_address2": "3200", "default_town_or_city": "Los Angeles", "default_county": "Dublin", "default_postcode": "D07F382", "default_country": "IE"}}, {"model": "profiles.userprofile", "pk": 2, "fields": {"user": 2, "default_phone_number": "0838882078", "default_street_address1": "Canyon Dr", "default_street_address2": "3200", "default_town_or_city": "Los Angeles", "default_county": "Dublin", "default_postcode": "D07F382", "default_country": "AI"}}, {"model": "profiles.userprofile", "pk": 4, "fields": {"user": 4, "default_phone_number": null, "default_street_address1": null, "default_street_address2": null, "default_town_or_city": null, "default_county": null, "default_postcode": null, "default_country": null}}, {"model": "profiles.userprofile", "pk": 5, "fields": {"user": 5, "default_phone_number": "0838882078", "default_street_address1": "Canyon Dr", "default_street_address2": "3200", "default_town_or_city": "Los Angeles", "default_county": "Dublin", "default_postcode": "D07F382", "default_country": "IE"}}, {"model": "profiles.userprofile", "pk": 6, "fields": {"user": 6, "default_phone_number": "0838882078", "default_street_address1": "Canyon Dr", "default_street_address2": "3200", "default_town_or_city": "Los Angeles", "default_county": "Dublin", "default_postcode": "D07F382", "default_country": "IE"}}, {"model": "profiles.membership", "pk": 3, "fields": {"user_profile": 1, "number": "15", "product": [4]}}, {"model": "profiles.membership", "pk": 4, "fields": {"user_profile": 6, "number": "A6A460A6614A4EACB0F7CA4AA03D6951", "product": [4]}}, {"model": "wish_list.wishlist", "pk": 9, "fields": {"user_profile": 1, "products": [6]}}, {"model": "wish_list.wishlist", "pk": 10, "fields": {"user_profile": 6, "products": [1, 2, 3]}}]